[{"map_name":"new_map","map_id":"AVR1Ag9HZYSO","map_description":"","homepage":"https://escher.github.io","schema":"https://escher.github.io/escher/jsonschema/1-0-0#"},{"reactions":{"1577648":{"name":"lactate exchange","bigg_id":"E2","reversibility":false,"label_x":1815.7156982421875,"label_y":3944.931396484375,"gene_reaction_rule":"( LDH )","genes":[{"name":"","bigg_id":"LDH"}],"metabolites":[{"bigg_id":"m07c","coefficient":-1}],"segments":{"1186":{"from_node_id":"1577813","to_node_id":"1577814","b1":null,"b2":null},"1187":{"from_node_id":"1577815","to_node_id":"1577814","b1":null,"b2":null},"1188":{"from_node_id":"1577813","to_node_id":"1577812","b1":{"x":2044.72021484375,"y":3959.633056640625},"b2":{"x":2098.97021484375,"y":3959.633056640625}}}},"1577649":{"name":"glycolysis","bigg_id":"R1","reversibility":false,"label_x":2172.72021484375,"label_y":3794.633056640625,"gene_reaction_rule":"( PFK )","genes":[{"name":"","bigg_id":"PFK"}],"metabolites":[{"bigg_id":"m01c","coefficient":-2},{"bigg_id":"m02c","coefficient":2},{"bigg_id":"m04c","coefficient":-1},{"bigg_id":"m06c","coefficient":2},{"bigg_id":"m07c","coefficient":2},{"bigg_id":"m09c","coefficient":-2}],"segments":{"1189":{"from_node_id":"1577816","to_node_id":"1577817","b1":null,"b2":null},"1190":{"from_node_id":"1577818","to_node_id":"1577817","b1":null,"b2":null},"1191":{"from_node_id":"1577816","to_node_id":"1577819","b1":{"x":2157.72021484375,"y":3722.633056640625},"b2":{"x":2112.39404296875,"y":3687.356689453125}},"1192":{"from_node_id":"1577818","to_node_id":"1577820","b1":{"x":2157.72021484375,"y":3850.633056640625},"b2":{"x":2139.72021484375,"y":3855.883056640625}},"1193":{"from_node_id":"1577816","to_node_id":"1577821","b1":{"x":2157.72021484375,"y":3718.633056640625},"b2":{"x":2155.53173828125,"y":3673.327880859375}},"1194":{"from_node_id":"1577818","to_node_id":"1577822","b1":{"x":2157.72021484375,"y":3850.633056640625},"b2":{"x":2175.72021484375,"y":3855.883056640625}},"1195":{"from_node_id":"1577818","to_node_id":"1577812","b1":{"x":2157.72021484375,"y":3846.633056640625},"b2":{"x":2157.72021484375,"y":3900.883056640625}},"1196":{"from_node_id":"1577816","to_node_id":"1577823","b1":{"x":2157.72021484375,"y":3718.633056640625},"b2":{"x":2173.612060546875,"y":3713.383056640625}}}},"1577650":{"name":"TCA + ETC","bigg_id":"R2","reversibility":false,"label_x":2302.748046875,"label_y":3938.606689453125,"gene_reaction_rule":"( CS )","genes":[{"name":"","bigg_id":"CS"}],"metabolites":[{"bigg_id":"m01c","coefficient":-1},{"bigg_id":"m02c","coefficient":1},{"bigg_id":"m03c","coefficient":3},{"bigg_id":"m05c","coefficient":56},{"bigg_id":"m05m","coefficient":-56},{"bigg_id":"m06c","coefficient":4},{"bigg_id":"m07c","coefficient":-1},{"bigg_id":"m08c","coefficient":-3},{"bigg_id":"m09c","coefficient":-1}],"segments":{"1197":{"from_node_id":"1577824","to_node_id":"1577825","b1":null,"b2":null},"1198":{"from_node_id":"1577826","to_node_id":"1577825","b1":null,"b2":null},"1199":{"from_node_id":"1577824","to_node_id":"1577827","b1":{"x":2266.72021484375,"y":3959.633056640625},"b2":{"x":2236.41455078125,"y":3959.47216796875}},"1200":{"from_node_id":"1577826","to_node_id":"1577828","b1":{"x":2394.72021484375,"y":3959.633056640625},"b2":{"x":2448.97021484375,"y":3959.633056640625}},"1201":{"from_node_id":"1577826","to_node_id":"1577829","b1":{"x":2398.72021484375,"y":3959.633056640625},"b2":{"x":2422.944091796875,"y":3959.552490234375}},"1202":{"from_node_id":"1577826","to_node_id":"1577830","b1":{"x":2398.72021484375,"y":3959.633056640625},"b2":{"x":2403.97021484375,"y":3977.633056640625}},"1203":{"from_node_id":"1577824","to_node_id":"1577831","b1":{"x":2266.72021484375,"y":3959.633056640625},"b2":{"x":2199.278564453125,"y":3961.6611328125}},"1204":{"from_node_id":"1577826","to_node_id":"1577832","b1":{"x":2398.72021484375,"y":3959.633056640625},"b2":{"x":2388.97021484375,"y":3995.633056640625}},"1205":{"from_node_id":"1577824","to_node_id":"1577812","b1":{"x":2270.72021484375,"y":3959.633056640625},"b2":{"x":2216.47021484375,"y":3959.633056640625}},"1206":{"from_node_id":"1577824","to_node_id":"1577833","b1":{"x":2266.72021484375,"y":3959.633056640625},"b2":{"x":2264.632568359375,"y":3999.769287109375}},"1207":{"from_node_id":"1577824","to_node_id":"1577834","b1":{"x":2266.72021484375,"y":3959.633056640625},"b2":{"x":2289.119384765625,"y":3995.633056640625}}}},"1577651":{"name":"glucose exchange","bigg_id":"E1","reversibility":true,"label_x":2169.669189453125,"label_y":3444.009033203125,"gene_reaction_rule":"( GLUT )","genes":[{"name":"","bigg_id":"GLUT"}],"metabolites":[{"bigg_id":"m04c","coefficient":-1}],"segments":{"1208":{"from_node_id":"1577835","to_node_id":"1577836","b1":null,"b2":null},"1209":{"from_node_id":"1577837","to_node_id":"1577836","b1":null,"b2":null},"1210":{"from_node_id":"1577835","to_node_id":"1577821","b1":{"x":2154.669189453125,"y":3496.009033203125},"b2":{"x":2154.669189453125,"y":3550.259033203125}}}},"1577653":{"name":"ATP synthase","bigg_id":"R3","reversibility":false,"label_x":3063.804443359375,"label_y":3177.685302734375,"gene_reaction_rule":"( ATPV )","genes":[{"name":"","bigg_id":"ATPV"}],"metabolites":[{"bigg_id":"m01c","coefficient":-1},{"bigg_id":"m02c","coefficient":1},{"bigg_id":"m05c","coefficient":-4},{"bigg_id":"m05m","coefficient":4},{"bigg_id":"m06c","coefficient":1},{"bigg_id":"m09c","coefficient":-1}],"segments":{"1219":{"from_node_id":"1577848","to_node_id":"1577849","b1":null,"b2":null},"1220":{"from_node_id":"1577850","to_node_id":"1577849","b1":null,"b2":null},"1221":{"from_node_id":"1577848","to_node_id":"1577847","b1":{"x":3103.455078125,"y":3299.90478515625},"b2":{"x":3049.205078125,"y":3299.90478515625}},"1222":{"from_node_id":"1577850","to_node_id":"1577851","b1":{"x":3227.455078125,"y":3299.90478515625},"b2":{"x":3281.705078125,"y":3299.90478515625}},"1223":{"from_node_id":"1577848","to_node_id":"1577852","b1":{"x":3099.455078125,"y":3299.90478515625},"b2":{"x":3094.205078125,"y":3281.90478515625}},"1224":{"from_node_id":"1577850","to_node_id":"1577853","b1":{"x":3231.455078125,"y":3299.90478515625},"b2":{"x":3236.705078125,"y":3281.90478515625}},"1225":{"from_node_id":"1577850","to_node_id":"1577854","b1":{"x":3231.455078125,"y":3299.90478515625},"b2":{"x":3236.705078125,"y":3317.90478515625}},"1226":{"from_node_id":"1577848","to_node_id":"1577855","b1":{"x":3099.455078125,"y":3299.90478515625},"b2":{"x":3094.205078125,"y":3317.90478515625}}}},"1577655":{"name":"ATP demand","bigg_id":"R4","reversibility":false,"label_x":3096.521484375,"label_y":3574.025146484375,"gene_reaction_rule":"( MYH2 )","genes":[{"name":"","bigg_id":"MYH2"}],"metabolites":[{"bigg_id":"m01c","coefficient":1},{"bigg_id":"m02c","coefficient":-1},{"bigg_id":"m06c","coefficient":-1},{"bigg_id":"m09c","coefficient":1}],"segments":{"1233":{"from_node_id":"1577864","to_node_id":"1577865","b1":null,"b2":null},"1234":{"from_node_id":"1577866","to_node_id":"1577865","b1":null,"b2":null},"1235":{"from_node_id":"1577866","to_node_id":"1577867","b1":{"x":3247.52294921875,"y":3598.213623046875},"b2":{"x":3301.77294921875,"y":3598.213623046875}},"1236":{"from_node_id":"1577864","to_node_id":"1577863","b1":{"x":3123.52294921875,"y":3598.213623046875},"b2":{"x":3069.27294921875,"y":3598.213623046875}},"1237":{"from_node_id":"1577864","to_node_id":"1577868","b1":{"x":3119.52294921875,"y":3598.213623046875},"b2":{"x":3114.27294921875,"y":3616.213623046875}},"1238":{"from_node_id":"1577866","to_node_id":"1577869","b1":{"x":3251.52294921875,"y":3598.213623046875},"b2":{"x":3256.77294921875,"y":3616.213623046875}}}},"1577656":{"name":"CO2 exchange","bigg_id":"E5","reversibility":true,"label_x":2522.290771484375,"label_y":4176.366455078125,"gene_reaction_rule":"( CO2 )","genes":[{"name":"","bigg_id":"CO2"}],"metabolites":[{"bigg_id":"m03c","coefficient":-1}],"segments":{"1239":{"from_node_id":"1577870","to_node_id":"1577871","b1":null,"b2":null},"1240":{"from_node_id":"1577872","to_node_id":"1577871","b1":null,"b2":null},"1241":{"from_node_id":"1577870","to_node_id":"1577829","b1":{"x":2510.452880859375,"y":4182.369873046875},"b2":{"x":2510.452880859375,"y":4128.119873046875}}}},"1577657":{"name":"H20 exchange","bigg_id":"E4","reversibility":true,"label_x":2432.72021484375,"label_y":4304.633056640625,"gene_reaction_rule":"( AQP )","genes":[{"name":"","bigg_id":"AQP"}],"metabolites":[{"bigg_id":"m06c","coefficient":-1}],"segments":{"1242":{"from_node_id":"1577873","to_node_id":"1577874","b1":null,"b2":null},"1243":{"from_node_id":"1577875","to_node_id":"1577874","b1":null,"b2":null},"1244":{"from_node_id":"1577873","to_node_id":"1577832","b1":{"x":2417.72021484375,"y":4232.633056640625},"b2":{"x":2417.72021484375,"y":4178.383056640625}}}},"1577658":{"name":"O2 exchange","bigg_id":"E3","reversibility":true,"label_x":2035.0634765625,"label_y":4240.444580078125,"gene_reaction_rule":"( ETC )","genes":[{"name":"","bigg_id":"ETC"}],"metabolites":[{"bigg_id":"m08c","coefficient":-1}],"segments":{"1245":{"from_node_id":"1577876","to_node_id":"1577877","b1":null,"b2":null},"1246":{"from_node_id":"1577878","to_node_id":"1577877","b1":null,"b2":null},"1247":{"from_node_id":"1577876","to_node_id":"1577833","b1":{"x":2230.882568359375,"y":4174.769287109375},"b2":{"x":2230.882568359375,"y":4120.519287109375}}}}},"nodes":{"1577812":{"node_type":"metabolite","x":2157.72021484375,"y":3959.633056640625,"bigg_id":"m07c","name":"lactate","label_x":2121.362890625,"label_y":3995.416748046875,"node_is_primary":true},"1577813":{"node_type":"multimarker","x":2002.72021484375,"y":3959.633056640625},"1577814":{"node_type":"midmarker","x":1982.72021484375,"y":3959.633056640625},"1577815":{"node_type":"multimarker","x":1962.72021484375,"y":3959.633056640625},"1577816":{"node_type":"multimarker","x":2157.72021484375,"y":3764.633056640625},"1577817":{"node_type":"midmarker","x":2157.72021484375,"y":3784.633056640625},"1577818":{"node_type":"multimarker","x":2157.72021484375,"y":3804.633056640625},"1577819":{"node_type":"metabolite","x":2051.256591796875,"y":3674.98681640625,"bigg_id":"m01c","name":"ADP","label_x":2053.06640625,"label_y":3650.74267578125,"node_is_primary":true},"1577820":{"node_type":"metabolite","x":2077.72021484375,"y":3889.633056640625,"bigg_id":"m02c","name":"ATP","label_x":2041.72021484375,"label_y":3919.633056640625,"node_is_primary":false},"1577821":{"node_type":"metabolite","x":2154.669189453125,"y":3609.009033203125,"bigg_id":"m04c","name":"glucose","label_x":2064.910400390625,"label_y":3601.0615234375,"node_is_primary":false},"1577822":{"node_type":"metabolite","x":2237.72021484375,"y":3889.633056640625,"bigg_id":"m06c","name":"H20","label_x":2252.72021484375,"label_y":3889.633056640625,"node_is_primary":false},"1577823":{"node_type":"metabolite","x":2237.72021484375,"y":3679.633056640625,"bigg_id":"m09c","name":"Pi","label_x":2252.72021484375,"label_y":3679.633056640625,"node_is_primary":false},"1577824":{"node_type":"multimarker","x":2312.72021484375,"y":3959.633056640625},"1577825":{"node_type":"midmarker","x":2332.72021484375,"y":3959.633056640625},"1577826":{"node_type":"multimarker","x":2352.72021484375,"y":3959.633056640625},"1577827":{"node_type":"metabolite","x":2176.0419921875,"y":4137.99755859375,"bigg_id":"m01c","name":"ADP","label_x":2133.360205078125,"label_y":4126.43017578125,"node_is_primary":false},"1577828":{"node_type":"metabolite","x":2507.72021484375,"y":3959.633056640625,"bigg_id":"m02c","name":"ATP","label_x":2486.12021484375,"label_y":3999.633056640625,"node_is_primary":true},"1577829":{"node_type":"metabolite","x":2510.452880859375,"y":4069.369873046875,"bigg_id":"m03c","name":"CO2","label_x":2514.151220703125,"label_y":4060.965087890625,"node_is_primary":false},"1577830":{"node_type":"metabolite","x":2437.72021484375,"y":4039.633056640625,"bigg_id":"m05c","name":"H","label_x":2422.444921875,"label_y":4072.25439453125,"node_is_primary":false},"1577831":{"node_type":"metabolite","x":2173.96142578125,"y":4061.99169921875,"bigg_id":"m05m","name":"H","label_x":2152.36142578125,"label_y":4041.99169921875,"node_is_primary":false},"1577832":{"node_type":"metabolite","x":2417.72021484375,"y":4119.633056640625,"bigg_id":"m06c","name":"H20","label_x":2369.76767578125,"label_y":4116.415283203125,"node_is_primary":false},"1577833":{"node_type":"metabolite","x":2230.882568359375,"y":4061.769287109375,"bigg_id":"m08c","name":"02","label_x":2236.6890625,"label_y":4082.79541015625,"node_is_primary":false},"1577834":{"node_type":"metabolite","x":2260.369384765625,"y":4119.633056640625,"bigg_id":"m09c","name":"Pi","label_x":2274.608740234375,"label_y":4120.631591796875,"node_is_primary":false},"1577835":{"node_type":"multimarker","x":2154.669189453125,"y":3454.009033203125},"1577836":{"node_type":"midmarker","x":2154.669189453125,"y":3434.009033203125},"1577837":{"node_type":"multimarker","x":2154.669189453125,"y":3414.009033203125},"1577847":{"node_type":"metabolite","x":2990.455078125,"y":3299.90478515625,"bigg_id":"m01c","name":"ADP","label_x":2968.855078125,"label_y":3339.90478515625,"node_is_primary":true},"1577848":{"node_type":"multimarker","x":3145.455078125,"y":3299.90478515625},"1577849":{"node_type":"midmarker","x":3165.455078125,"y":3299.90478515625},"1577850":{"node_type":"multimarker","x":3185.455078125,"y":3299.90478515625},"1577851":{"node_type":"metabolite","x":3340.455078125,"y":3299.90478515625,"bigg_id":"m02c","name":"ATP","label_x":3318.855078125,"label_y":3339.90478515625,"node_is_primary":true},"1577852":{"node_type":"metabolite","x":3060.455078125,"y":3219.90478515625,"bigg_id":"m05c","name":"H","label_x":3038.855078125,"label_y":3199.90478515625,"node_is_primary":false},"1577853":{"node_type":"metabolite","x":3270.455078125,"y":3219.90478515625,"bigg_id":"m05m","name":"H","label_x":3247.80087890625,"label_y":3205.17529296875,"node_is_primary":false},"1577854":{"node_type":"metabolite","x":3270.455078125,"y":3379.90478515625,"bigg_id":"m06c","name":"H20","label_x":3248.855078125,"label_y":3419.90478515625,"node_is_primary":false},"1577855":{"node_type":"metabolite","x":3060.455078125,"y":3379.90478515625,"bigg_id":"m09c","name":"Pi","label_x":3038.855078125,"label_y":3419.90478515625,"node_is_primary":false},"1577863":{"node_type":"metabolite","x":3010.52294921875,"y":3598.213623046875,"bigg_id":"m02c","name":"ATP","label_x":2988.92294921875,"label_y":3638.213623046875,"node_is_primary":true},"1577864":{"node_type":"multimarker","x":3165.52294921875,"y":3598.213623046875},"1577865":{"node_type":"midmarker","x":3185.52294921875,"y":3598.213623046875},"1577866":{"node_type":"multimarker","x":3205.52294921875,"y":3598.213623046875},"1577867":{"node_type":"metabolite","x":3360.52294921875,"y":3598.213623046875,"bigg_id":"m01c","name":"ADP","label_x":3338.92294921875,"label_y":3638.213623046875,"node_is_primary":true},"1577868":{"node_type":"metabolite","x":3080.52294921875,"y":3678.213623046875,"bigg_id":"m06c","name":"H20","label_x":3058.92294921875,"label_y":3718.213623046875,"node_is_primary":false},"1577869":{"node_type":"metabolite","x":3290.52294921875,"y":3678.213623046875,"bigg_id":"m09c","name":"Pi","label_x":3268.92294921875,"label_y":3718.213623046875,"node_is_primary":false},"1577870":{"node_type":"multimarker","x":2510.452880859375,"y":4224.369873046875},"1577871":{"node_type":"midmarker","x":2510.452880859375,"y":4244.369873046875},"1577872":{"node_type":"multimarker","x":2510.452880859375,"y":4264.369873046875},"1577873":{"node_type":"multimarker","x":2417.72021484375,"y":4274.633056640625},"1577874":{"node_type":"midmarker","x":2417.72021484375,"y":4294.633056640625},"1577875":{"node_type":"multimarker","x":2417.72021484375,"y":4314.633056640625},"1577876":{"node_type":"multimarker","x":2230.882568359375,"y":4216.769287109375},"1577877":{"node_type":"midmarker","x":2230.882568359375,"y":4236.769287109375},"1577878":{"node_type":"multimarker","x":2230.882568359375,"y":4256.769287109375}},"text_labels":{},"canvas":{"x":7.857062530517567,"y":314.36893920898433,"width":5894.515691375733,"height":4860.457037353515}}]